입력값,avg_khd,avg_ppl,error_rate,distance,softmax_score
x,0.086,0.541,0.0,0.2795623611111111,0.21835193402906256
f,0.127,0.465,0.0,0.17117180555555556,0.19592218827504895
c,0.10875,0.45375,0.0,0.16956236111111106,0.19560711601124983
u,0.10825,0.14500000000000002,0.0,0.16757819444444444,0.1952193836818851
a,0.15375,0.16325,0.0,0.1659376388888889,0.19489937800275356
